Epochs,LogLikelihood
25,35757.119921875
50,35716.3375
75,35023.131640625